<?xml version="1.0" encoding="UTF-8"?>
<project-private xmlns="http://www.netbeans.org/ns/project-private/1">
    <editor-bookmarks xmlns="http://www.netbeans.org/ns/editor-bookmarks/2" lastBookmarkId="0"/>
    <open-files xmlns="http://www.netbeans.org/ns/projectui-open-files/2">
        <group>
            <file>file:/C:/Users/Claudio/OneDrive%20-%20Instituto%20Nacional%20de%20Aprendizaje/MÓDULO%206%20FINAL%20(DESARROLLO%20WEB)/Proyecto%20Final-P3/PROYECTO%20FINAL%20(P3)/web/Frm_Clientes.jsp</file>
            <file>file:/C:/Users/Claudio/OneDrive%20-%20Instituto%20Nacional%20de%20Aprendizaje/MÓDULO%206%20FINAL%20(DESARROLLO%20WEB)/Proyecto%20Final-P3/PROYECTO%20FINAL%20(P3)/web/FrmFacturar.jsp</file>
            <file>file:/C:/Users/Claudio/OneDrive%20-%20Instituto%20Nacional%20de%20Aprendizaje/MÓDULO%206%20FINAL%20(DESARROLLO%20WEB)/Proyecto%20Final-P3/PROYECTO%20FINAL%20(P3)/web/FrmListarClientes.jsp</file>
            <file>file:/C:/Users/Claudio/OneDrive%20-%20Instituto%20Nacional%20de%20Aprendizaje/MÓDULO%206%20FINAL%20(DESARROLLO%20WEB)/Proyecto%20Final-P3/PROYECTO%20FINAL%20(P3)/web/FrmProductos.jsp</file>
            <file>file:/C:/Users/Claudio/OneDrive%20-%20Instituto%20Nacional%20de%20Aprendizaje/MÓDULO%206%20FINAL%20(DESARROLLO%20WEB)/Proyecto%20Final-P3/PROYECTO%20FINAL%20(P3)/web/index.html</file>
            <file>file:/C:/Users/Claudio/OneDrive%20-%20Instituto%20Nacional%20de%20Aprendizaje/MÓDULO%206%20FINAL%20(DESARROLLO%20WEB)/Proyecto%20Final-P3/PROYECTO%20FINAL%20(P3)/web/FrmListarProveedores.jsp</file>
            <file>file:/C:/Users/Claudio/OneDrive%20-%20Instituto%20Nacional%20de%20Aprendizaje/MÓDULO%206%20FINAL%20(DESARROLLO%20WEB)/Proyecto%20Final-P3/PROYECTO%20FINAL%20(P3)/web/FrmListaDeFacturas.jsp</file>
            <file>file:/C:/Users/Claudio/OneDrive%20-%20Instituto%20Nacional%20de%20Aprendizaje/MÓDULO%206%20FINAL%20(DESARROLLO%20WEB)/Proyecto%20Final-P3/PROYECTO%20FINAL%20(P3)/web/FrmListarProductos.jsp</file>
        </group>
    </open-files>
</project-private>
